timestamp,machine_id,temperature_c,pressure_bar,flow_rate_m3h,consistency_pct
2025-01-01 00:00:00,Digester A,83.4,5.2,146.9,3.51
2025-01-01 00:10:00,Refiner 1,94.51,5.94,102.29,2.44
2025-01-01 00:20:00,Digester B,75.98,4.42,126.68,3.86
2025-01-01 00:30:00,PM1,77.09,6.9,107.92,3.6
2025-01-01 00:40:00,Digester A,93.06,6.9,113.29,2.88
2025-01-01 00:50:00,Refiner 2,74.24,5.28,114.72,2.81
2025-01-01 01:00:00,Refiner 1,84.34,6.08,114.38,3.04
2025-01-01 01:10:00,PM2,85.84,6.44,92.74,4.49
2025-01-01 01:20:00,Digester A,84.51,6.02,137.71,3.66
2025-01-01 01:30:00,Refiner 2,89.77,6.29,104.69,3.75
2025-01-01 01:40:00,PM2,79.28,6.11,119.17,3.35
2025-01-01 01:50:00,PM1,84.36,4.12,106.28,3.56
2025-01-01 02:00:00,Recovery Boiler,85.8,4.97,151.64,2.89
2025-01-01 02:10:00,Recovery Boiler,89.85,6.43,103.84,4.74
2025-01-01 02:20:00,PM3,79.03,6.92,145.01,3.03
2025-01-01 02:30:00,Refiner 1,91.96,5.75,127.22,3.68
2025-01-01 02:40:00,Refiner 1,84.33,6.81,139.84,2.28
2025-01-01 02:50:00,Recovery Boiler,91.52,4.34,145.81,4.29
2025-01-01 03:00:00,PM3,79.55,5.59,92.36,3.35
2025-01-01 03:10:00,Refiner 2,83.46,6.78,152.76,4.48
2025-01-01 03:20:00,PM2,82.19,5.79,77.91,2.94
2025-01-01 03:30:00,PM1,89.82,7.62,89.14,3.09
2025-01-01 03:40:00,PM2,84.87,6.28,99.76,3.8
2025-01-01 03:50:00,PM1,82.63,5.99,133.66,3.5
2025-01-01 04:00:00,Digester B,82.82,5.89,117.79,3.24
2025-01-01 04:10:00,Digester A,83.71,7.6,134.02,3.29
2025-01-01 04:20:00,PM1,88.48,5.67,149.33,3.76
2025-01-01 04:30:00,PM1,84.46,6.45,80.73,2.71
2025-01-01 04:40:00,Refiner 1,79.03,6.14,163.31,5.06
2025-01-01 04:50:00,Digester B,88.19,6.5,74.97,3.12
2025-01-01 05:00:00,Refiner 1,81.06,5.38,115.8,3.17
2025-01-01 05:10:00,Refiner 1,75.1,6.75,93.18,3.67
2025-01-01 05:20:00,Refiner 1,95.37,5.08,56.74,3.3
2025-01-01 05:30:00,PM2,90.5,7.96,89.26,3.85
2025-01-01 05:40:00,PM3,82.67,5.89,186.11,2.45
2025-01-01 05:50:00,Digester B,86.27,6.47,147.14,3.57
2025-01-01 06:00:00,PM2,86.54,5.61,126.73,3.26
2025-01-01 06:10:00,Digester B,88.11,5.63,129.43,3.48
2025-01-01 06:20:00,PM2,90.63,5.95,75.67,4.38
2025-01-01 06:30:00,Digester A,80.47,5.35,105.11,4.46
2025-01-01 06:40:00,PM3,74.32,9.14,146.4,3.66
2025-01-01 06:50:00,Recovery Boiler,84.73,6.29,133.03,3.95
2025-01-01 07:00:00,Refiner 1,87.78,6.09,115.07,3.39
2025-01-01 07:10:00,PM2,84.03,7.13,134.84,1.44
2025-01-01 07:20:00,Digester B,88.28,6.19,119.53,3.23
2025-01-01 07:30:00,Refiner 1,90.62,6.95,100.68,3.78
2025-01-01 07:40:00,Digester A,80.14,4.62,104.33,4.1
2025-01-01 07:50:00,PM1,89.77,6.51,138.13,3.86
2025-01-01 08:00:00,Digester A,81.79,6.43,140.01,4.03
2025-01-01 08:10:00,PM2,90.94,6.71,128.79,4.25
2025-01-01 08:20:00,Refiner 1,84.87,5.12,115.92,2.98
2025-01-01 08:30:00,PM2,81.62,5.86,100.19,3.28
2025-01-01 08:40:00,Refiner 2,75.53,6.21,120.03,2.93
2025-01-01 08:50:00,PM1,88.3,6.94,79.81,2.97
2025-01-01 09:00:00,Digester B,81.15,5.06,140.74,3.36
2025-01-01 09:10:00,PM3,83.68,4.0,135.89,2.63
2025-01-01 09:20:00,PM2,85.3,6.28,154.02,2.58
2025-01-01 09:30:00,PM1,69.9,6.18,165.01,4.37
2025-01-01 09:40:00,PM3,86.05,5.51,140.18,2.82
2025-01-01 09:50:00,PM1,87.38,6.51,146.51,5.43
2025-01-01 10:00:00,PM3,86.96,5.49,119.36,2.26
2025-01-01 10:10:00,Refiner 2,81.53,5.59,106.9,3.61
2025-01-01 10:20:00,Recovery Boiler,80.89,7.12,120.01,3.49
2025-01-01 10:30:00,Digester B,83.36,6.16,140.63,2.89
2025-01-01 10:40:00,PM3,81.71,5.7,86.35,2.93
2025-01-01 10:50:00,Recovery Boiler,82.62,6.87,126.56,3.64
2025-01-01 11:00:00,PM3,89.25,5.86,129.76,3.43
2025-01-01 11:10:00,Digester B,86.33,5.42,59.03,3.41
2025-01-01 11:20:00,PM2,92.11,6.93,144.13,4.37
2025-01-01 11:30:00,PM1,85.44,6.2,104.56,3.28
2025-01-01 11:40:00,Recovery Boiler,88.08,7.2,116.51,3.18
2025-01-01 11:50:00,Refiner 1,85.0,6.6,83.9,1.89
2025-01-01 12:00:00,Digester B,82.25,4.78,107.3,3.4
2025-01-01 12:10:00,PM2,82.73,7.45,128.17,3.71
2025-01-01 12:20:00,Digester B,88.11,4.86,145.98,3.45
2025-01-01 12:30:00,PM2,88.35,4.93,81.16,4.07
2025-01-01 12:40:00,Refiner 2,86.88,5.1,98.26,4.29
2025-01-01 12:50:00,Refiner 2,79.05,7.64,97.48,3.95
2025-01-01 13:00:00,Recovery Boiler,83.36,6.6,106.4,3.39
2025-01-01 13:10:00,PM1,85.2,5.0,138.52,3.14
2025-01-01 13:20:00,Refiner 2,83.86,5.01,55.94,3.37
2025-01-01 13:30:00,PM3,97.06,6.78,119.52,3.32
2025-01-01 13:40:00,Recovery Boiler,85.11,6.55,90.48,4.28
2025-01-01 13:50:00,PM3,88.58,6.72,130.96,3.51
2025-01-01 14:00:00,Digester B,88.36,6.59,111.15,3.1
2025-01-01 14:10:00,PM2,85.51,7.55,89.02,2.47
2025-01-01 14:20:00,PM2,85.82,6.05,124.33,3.67
2025-01-01 14:30:00,Digester A,83.88,7.49,79.98,2.92
2025-01-01 14:40:00,PM1,84.48,4.36,115.6,4.66
2025-01-01 14:50:00,PM1,85.1,6.23,88.5,3.07
2025-01-01 15:00:00,PM1,83.12,5.68,152.04,3.89
2025-01-01 15:10:00,Digester A,79.44,6.25,132.46,4.3
2025-01-01 15:20:00,PM1,92.9,4.98,99.73,2.62
2025-01-01 15:30:00,Refiner 2,83.83,6.47,144.68,3.45
2025-01-01 15:40:00,Recovery Boiler,83.4,6.15,99.12,4.96
2025-01-01 15:50:00,Refiner 1,76.96,6.18,170.59,3.5
2025-01-01 16:00:00,PM3,84.05,5.64,115.49,4.46
2025-01-01 16:10:00,PM3,73.94,7.53,84.4,3.31
2025-01-01 16:20:00,PM1,82.85,6.59,80.05,3.82
2025-01-01 16:30:00,Refiner 1,95.12,4.64,124.74,3.04
2025-01-01 16:40:00,Digester A,87.13,6.02,103.96,3.84
2025-01-01 16:50:00,Recovery Boiler,94.02,5.81,137.99,2.59
2025-01-01 17:00:00,Digester A,80.22,6.47,157.1,3.75
2025-01-01 17:10:00,Refiner 1,83.43,6.0,88.74,3.92
2025-01-01 17:20:00,Recovery Boiler,89.41,5.55,108.25,3.69
2025-01-01 17:30:00,Digester B,82.82,5.93,172.49,3.33
2025-01-01 17:40:00,PM2,83.21,5.35,138.6,3.37
2025-01-01 17:50:00,Recovery Boiler,81.75,7.32,155.49,3.08
2025-01-01 18:00:00,PM2,75.67,7.01,102.88,4.05
2025-01-01 18:10:00,PM1,75.15,6.89,89.72,4.01
2025-01-01 18:20:00,PM3,85.07,5.05,109.82,3.98
2025-01-01 18:30:00,Digester A,85.53,6.58,169.41,2.41
2025-01-01 18:40:00,PM1,93.09,6.1,97.53,2.57
2025-01-01 18:50:00,Refiner 1,84.05,6.92,116.81,4.56
2025-01-01 19:00:00,PM2,77.74,5.99,88.69,3.75
2025-01-01 19:10:00,Refiner 2,89.43,5.58,54.89,3.64
2025-01-01 19:20:00,Digester B,87.18,6.4,150.89,2.75
2025-01-01 19:30:00,Digester B,88.4,7.19,75.54,3.72
2025-01-01 19:40:00,Recovery Boiler,82.48,5.92,128.69,3.16
2025-01-01 19:50:00,PM2,81.62,6.03,92.82,2.74
2025-01-01 20:00:00,Refiner 2,88.4,4.85,136.66,3.82
2025-01-01 20:10:00,PM1,76.37,5.32,149.85,2.81
2025-01-01 20:20:00,Recovery Boiler,82.68,6.46,139.58,3.32
2025-01-01 20:30:00,Digester A,82.01,7.42,163.47,4.19
2025-01-01 20:40:00,Digester B,85.43,5.19,99.24,3.87
2025-01-01 20:50:00,Digester B,87.09,7.4,136.26,2.45
2025-01-01 21:00:00,Digester A,90.26,5.0,110.4,3.68
2025-01-01 21:10:00,Refiner 2,94.98,9.11,135.17,3.37
2025-01-01 21:20:00,Recovery Boiler,87.67,6.89,111.98,4.76
2025-01-01 21:30:00,Refiner 2,86.15,6.5,136.65,3.8
2025-01-01 21:40:00,Digester A,89.19,5.38,106.04,2.73
2025-01-01 21:50:00,Digester A,87.2,6.78,131.44,4.67
2025-01-01 22:00:00,PM3,84.97,6.67,92.71,3.23
2025-01-01 22:10:00,PM1,88.48,6.85,112.65,3.45
2025-01-01 22:20:00,Refiner 1,77.41,5.64,142.26,3.9
2025-01-01 22:30:00,PM1,87.5,6.05,120.18,3.04
2025-01-01 22:40:00,Digester A,88.49,6.42,132.3,3.13
2025-01-01 22:50:00,Recovery Boiler,74.23,7.1,108.03,2.9
2025-01-01 23:00:00,PM1,88.47,5.61,146.5,3.93
2025-01-01 23:10:00,Recovery Boiler,88.42,4.63,150.3,3.68
2025-01-01 23:20:00,PM1,83.15,6.14,75.59,3.79
2025-01-01 23:30:00,Refiner 1,79.85,4.65,81.94,4.28
2025-01-01 23:40:00,Digester B,81.85,7.53,106.6,2.3
2025-01-01 23:50:00,PM2,79.42,7.24,116.1,3.12
2025-01-02 00:00:00,Digester A,85.8,6.5,147.93,4.51
2025-01-02 00:10:00,Digester A,83.2,4.67,109.66,3.68
2025-01-02 00:20:00,Refiner 1,80.18,5.04,128.59,3.47
2025-01-02 00:30:00,Refiner 2,85.16,5.24,114.24,2.85
2025-01-02 00:40:00,PM1,89.45,7.04,73.85,2.85
2025-01-02 00:50:00,PM3,77.52,5.35,117.91,2.49
2025-01-02 01:00:00,Digester B,80.39,5.0,125.18,3.55
2025-01-02 01:10:00,PM2,81.39,6.18,106.33,3.31
2025-01-02 01:20:00,PM1,93.37,7.34,87.51,4.08
2025-01-02 01:30:00,Digester A,89.06,4.85,140.47,4.58
2025-01-02 01:40:00,Refiner 1,79.39,5.08,145.44,3.69
2025-01-02 01:50:00,Recovery Boiler,87.76,6.34,129.77,2.57
2025-01-02 02:00:00,Refiner 2,90.24,7.17,114.27,3.47
2025-01-02 02:10:00,PM2,77.34,6.51,134.3,3.46
2025-01-02 02:20:00,PM2,90.62,5.67,134.12,2.79
2025-01-02 02:30:00,PM3,84.88,5.83,125.63,3.24
2025-01-02 02:40:00,Refiner 1,84.34,6.83,109.08,2.38
2025-01-02 02:50:00,PM2,93.75,7.38,87.69,3.98
2025-01-02 03:00:00,PM1,82.49,6.26,127.36,3.34
2025-01-02 03:10:00,Refiner 1,81.08,5.31,97.1,2.92
2025-01-02 03:20:00,PM3,84.66,5.28,137.05,4.54
2025-01-02 03:30:00,Digester A,82.1,6.24,132.49,3.83
2025-01-02 03:40:00,Digester B,85.38,6.74,132.06,2.63
2025-01-02 03:50:00,Digester B,89.35,6.89,100.92,3.53
2025-01-02 04:00:00,Recovery Boiler,88.42,5.79,146.82,5.15
2025-01-02 04:10:00,Refiner 1,81.07,4.62,127.6,4.01
2025-01-02 04:20:00,Recovery Boiler,83.85,7.45,86.53,3.99
2025-01-02 04:30:00,Recovery Boiler,81.97,7.72,169.81,2.96
2025-01-02 04:40:00,Refiner 2,82.25,6.86,110.32,3.47
2025-01-02 04:50:00,Digester B,85.13,4.08,119.65,3.02
2025-01-02 05:00:00,Digester A,82.53,7.44,88.59,4.07
2025-01-02 05:10:00,PM2,83.61,5.72,139.76,3.74
2025-01-02 05:20:00,Digester A,87.85,6.97,111.72,3.07
2025-01-02 05:30:00,PM3,79.57,5.17,193.73,4.37
2025-01-02 05:40:00,PM2,78.24,4.68,132.05,3.88
2025-01-02 05:50:00,PM3,87.74,5.75,116.86,3.73
2025-01-02 06:00:00,PM2,85.43,3.78,114.26,2.9
2025-01-02 06:10:00,PM3,85.88,8.99,129.19,3.28
2025-01-02 06:20:00,Refiner 2,89.61,6.48,130.5,3.92
2025-01-02 06:30:00,Refiner 2,95.28,4.87,131.84,2.85
2025-01-02 06:40:00,Recovery Boiler,87.78,5.08,109.57,3.29
2025-01-02 06:50:00,Refiner 1,89.88,6.92,88.86,3.54
2025-01-02 07:00:00,PM2,81.45,4.74,114.57,3.28
2025-01-02 07:10:00,Recovery Boiler,97.13,6.43,85.56,3.1
2025-01-02 07:20:00,Digester A,90.11,8.09,80.35,2.18
2025-01-02 07:30:00,Refiner 2,94.35,6.39,98.29,3.87
2025-01-02 07:40:00,Digester B,71.82,6.0,128.2,4.15
2025-01-02 07:50:00,Refiner 2,79.93,6.09,96.86,3.68
2025-01-02 08:00:00,Digester B,80.52,5.59,95.1,3.96
2025-01-02 08:10:00,PM2,89.29,5.77,120.96,2.49
2025-01-02 08:20:00,PM2,83.5,5.95,185.52,2.72
2025-01-02 08:30:00,PM3,92.32,7.0,127.02,4.73
2025-01-02 08:40:00,Digester B,86.86,6.39,118.67,4.36
2025-01-02 08:50:00,PM1,90.48,5.37,87.02,3.36
2025-01-02 09:00:00,Digester A,81.0,5.94,150.94,3.18
2025-01-02 09:10:00,Recovery Boiler,84.79,6.06,141.21,1.93
2025-01-02 09:20:00,PM3,81.97,6.21,150.0,3.16
2025-01-02 09:30:00,PM2,75.62,6.62,104.12,2.67
2025-01-02 09:40:00,Digester A,81.88,5.82,104.88,1.96
2025-01-02 09:50:00,Recovery Boiler,89.49,7.27,136.29,2.7
2025-01-02 10:00:00,Refiner 1,83.99,5.99,134.97,3.97
2025-01-02 10:10:00,PM1,81.33,6.08,131.43,4.52
2025-01-02 10:20:00,Digester B,88.52,6.79,122.1,4.49
2025-01-02 10:30:00,Digester B,87.05,5.14,155.08,3.99
2025-01-02 10:40:00,PM3,82.78,5.52,127.41,3.82
2025-01-02 10:50:00,PM1,85.99,6.31,162.5,4.25
2025-01-02 11:00:00,Refiner 1,85.95,6.94,94.19,3.78
2025-01-02 11:10:00,Refiner 2,94.05,5.78,98.81,3.04
2025-01-02 11:20:00,Digester A,79.55,5.22,110.74,2.52
2025-01-02 11:30:00,PM2,85.08,6.9,97.31,4.56
2025-01-02 11:40:00,Refiner 2,87.55,7.03,103.55,4.1
2025-01-02 11:50:00,PM2,79.54,6.89,124.3,3.89
2025-01-02 12:00:00,PM3,79.12,5.1,134.93,2.84
2025-01-02 12:10:00,PM2,87.32,4.63,141.2,2.64
2025-01-02 12:20:00,PM1,87.76,6.63,102.58,3.91
2025-01-02 12:30:00,PM1,86.3,5.46,94.79,2.13
2025-01-02 12:40:00,Digester A,86.75,4.44,122.38,3.32
2025-01-02 12:50:00,PM3,88.4,5.7,111.76,4.01
2025-01-02 13:00:00,Digester A,86.68,6.32,131.73,2.43
2025-01-02 13:10:00,Refiner 1,88.78,6.61,94.58,3.33
2025-01-02 13:20:00,Recovery Boiler,84.8,5.87,128.35,4.5
2025-01-02 13:30:00,PM2,90.41,4.69,135.55,4.43
2025-01-02 13:40:00,Digester B,86.93,7.09,170.31,4.22
2025-01-02 13:50:00,PM2,86.25,7.05,123.62,3.52
2025-01-02 14:00:00,PM1,83.24,7.56,99.54,4.57
2025-01-02 14:10:00,PM2,87.5,4.6,129.19,2.03
2025-01-02 14:20:00,Digester A,88.13,6.89,105.19,3.59
2025-01-02 14:30:00,Refiner 2,94.77,5.49,93.53,4.54
2025-01-02 14:40:00,PM3,94.81,6.0,145.29,4.44
2025-01-02 14:50:00,PM2,81.29,5.51,150.77,4.68
2025-01-02 15:00:00,Recovery Boiler,87.81,5.12,169.68,3.13
2025-01-02 15:10:00,PM2,83.32,6.34,158.85,4.1
2025-01-02 15:20:00,PM1,87.07,6.46,121.09,3.89
2025-01-02 15:30:00,Refiner 2,72.35,5.7,126.03,2.69
2025-01-02 15:40:00,PM1,86.93,5.8,163.89,4.6
2025-01-02 15:50:00,PM3,82.67,5.85,118.15,3.18
2025-01-02 16:00:00,Refiner 1,85.98,5.24,91.73,3.94
2025-01-02 16:10:00,Refiner 1,88.15,5.2,142.38,3.06
2025-01-02 16:20:00,Refiner 2,86.27,6.82,119.16,3.82
2025-01-02 16:30:00,PM1,82.42,5.8,114.85,2.98
2025-01-02 16:40:00,Refiner 1,84.12,4.45,107.72,3.3
2025-01-02 16:50:00,Refiner 1,83.72,5.76,118.46,3.84
2025-01-02 17:00:00,PM3,89.37,5.35,89.92,2.77
2025-01-02 17:10:00,Recovery Boiler,82.56,5.65,100.75,2.59
2025-01-02 17:20:00,Digester A,82.72,6.18,134.88,3.11
2025-01-02 17:30:00,PM3,82.94,5.07,119.21,2.91
2025-01-02 17:40:00,Digester B,87.87,4.21,111.01,3.71
2025-01-02 17:50:00,Digester B,85.92,8.69,128.75,2.8
2025-01-02 18:00:00,Refiner 2,84.52,4.22,117.99,2.92
2025-01-02 18:10:00,PM3,89.58,5.45,117.08,3.06
2025-01-02 18:20:00,PM1,93.69,5.68,165.81,4.07
2025-01-02 18:30:00,Digester A,87.41,6.37,129.84,2.15
2025-01-02 18:40:00,Digester B,83.61,6.85,118.78,2.52
2025-01-02 18:50:00,Refiner 2,84.74,7.7,151.17,3.46
2025-01-02 19:00:00,Refiner 1,89.76,5.63,77.4,2.85
2025-01-02 19:10:00,Refiner 2,92.81,5.73,113.92,3.29
2025-01-02 19:20:00,PM1,94.52,7.63,175.47,3.39
2025-01-02 19:30:00,PM2,86.48,4.48,156.92,2.68
2025-01-02 19:40:00,Digester B,86.08,4.9,105.28,2.91
2025-01-02 19:50:00,Refiner 1,81.96,5.46,106.29,4.08
2025-01-02 20:00:00,PM3,79.48,6.22,150.45,3.14
2025-01-02 20:10:00,Refiner 1,81.41,5.77,149.49,3.64
2025-01-02 20:20:00,Digester A,82.34,6.48,92.44,3.98
2025-01-02 20:30:00,Digester A,87.04,5.69,99.04,2.88
2025-01-02 20:40:00,PM1,87.67,7.23,104.07,3.82
2025-01-02 20:50:00,Refiner 1,74.56,5.42,119.22,2.86
2025-01-02 21:00:00,Recovery Boiler,80.32,5.33,127.3,3.37
2025-01-02 21:10:00,Refiner 2,73.81,3.88,104.83,3.82
2025-01-02 21:20:00,Refiner 2,71.26,5.5,106.84,4.47
2025-01-02 21:30:00,Recovery Boiler,83.07,6.38,123.53,2.01
2025-01-02 21:40:00,Recovery Boiler,88.84,6.22,132.71,6.25
2025-01-02 21:50:00,Refiner 1,74.58,7.72,112.81,3.7
2025-01-02 22:00:00,Digester B,84.77,5.58,105.75,3.73
2025-01-02 22:10:00,PM3,77.41,6.75,109.6,2.71
2025-01-02 22:20:00,PM1,82.75,7.26,106.62,3.75
2025-01-02 22:30:00,Recovery Boiler,81.35,6.76,137.14,4.79
2025-01-02 22:40:00,Digester A,84.12,6.67,122.45,4.41
2025-01-02 22:50:00,PM1,81.41,6.75,115.13,3.46
2025-01-02 23:00:00,Digester B,85.46,6.25,117.09,3.65
2025-01-02 23:10:00,PM1,92.89,6.99,141.73,3.18
2025-01-02 23:20:00,Refiner 2,80.55,6.96,141.9,4.53
2025-01-02 23:30:00,Recovery Boiler,81.98,5.77,79.01,3.23
2025-01-02 23:40:00,Digester A,89.98,5.53,136.01,3.37
2025-01-02 23:50:00,PM3,86.62,4.85,122.13,1.41
2025-01-03 00:00:00,PM2,84.07,4.37,150.15,4.04
2025-01-03 00:10:00,Digester A,87.33,7.52,96.28,4.72
2025-01-03 00:20:00,Digester A,89.66,5.76,148.39,2.73
2025-01-03 00:30:00,Digester B,80.88,5.39,106.78,2.76
2025-01-03 00:40:00,PM1,91.12,5.74,128.81,3.1
2025-01-03 00:50:00,Digester A,75.9,6.27,72.19,3.45
2025-01-03 01:00:00,Refiner 1,78.16,7.99,142.78,3.57
2025-01-03 01:10:00,Recovery Boiler,91.32,5.15,133.59,3.64
2025-01-03 01:20:00,PM3,86.32,7.27,138.31,3.7
2025-01-03 01:30:00,PM3,76.73,5.04,116.93,3.57
2025-01-03 01:40:00,Digester A,79.35,8.41,157.91,3.92
2025-01-03 01:50:00,Recovery Boiler,85.36,5.79,96.2,3.55
2025-01-03 02:00:00,Recovery Boiler,86.29,4.76,128.35,3.39
2025-01-03 02:10:00,PM1,75.46,5.14,109.66,4.82
2025-01-03 02:20:00,Recovery Boiler,87.78,4.66,132.15,2.42
2025-01-03 02:30:00,PM3,90.41,5.53,117.66,4.43
2025-01-03 02:40:00,Digester A,78.56,4.6,105.41,4.23
2025-01-03 02:50:00,Refiner 2,77.4,3.17,108.72,3.89
2025-01-03 03:00:00,Digester B,91.0,5.54,109.71,4.31
2025-01-03 03:10:00,PM3,75.65,5.61,124.76,3.81
2025-01-03 03:20:00,Refiner 2,82.45,6.03,57.79,3.04
2025-01-03 03:30:00,PM1,87.27,5.02,121.47,3.81
2025-01-03 03:40:00,PM2,83.29,6.17,95.93,3.36
2025-01-03 03:50:00,PM1,88.05,6.16,105.34,3.66
2025-01-03 04:00:00,Digester A,88.57,3.95,148.98,3.26
2025-01-03 04:10:00,Digester A,87.13,7.2,85.71,3.0
2025-01-03 04:20:00,PM1,83.56,5.22,163.37,2.9
2025-01-03 04:30:00,Refiner 2,82.22,6.2,89.95,3.22
2025-01-03 04:40:00,PM1,86.59,5.67,117.67,3.13
2025-01-03 04:50:00,Recovery Boiler,77.43,6.32,163.87,3.51
2025-01-03 05:00:00,Digester A,86.13,6.69,88.27,4.69
2025-01-03 05:10:00,PM3,86.01,7.63,101.67,4.77
2025-01-03 05:20:00,Recovery Boiler,88.88,6.55,125.85,3.33
2025-01-03 05:30:00,PM3,91.0,6.14,70.82,2.72
2025-01-03 05:40:00,Recovery Boiler,84.07,6.31,118.59,4.35
2025-01-03 05:50:00,PM1,75.24,6.14,74.55,4.03
2025-01-03 06:00:00,PM1,84.53,6.42,98.4,4.4
2025-01-03 06:10:00,PM3,90.21,6.58,116.76,3.91
2025-01-03 06:20:00,PM3,81.47,6.86,161.24,4.25
2025-01-03 06:30:00,PM2,81.35,6.36,87.67,3.9
2025-01-03 06:40:00,Recovery Boiler,87.25,4.13,90.96,3.3
2025-01-03 06:50:00,PM2,83.5,4.79,129.72,3.68
2025-01-03 07:00:00,Recovery Boiler,84.03,5.24,146.22,4.66
2025-01-03 07:10:00,Refiner 1,82.58,5.39,132.28,3.25
2025-01-03 07:20:00,PM2,84.3,6.74,72.27,4.42
2025-01-03 07:30:00,Recovery Boiler,85.36,5.59,117.77,3.47
2025-01-03 07:40:00,Digester B,76.34,7.49,121.03,3.81
2025-01-03 07:50:00,Recovery Boiler,89.76,4.98,131.84,3.31
2025-01-03 08:00:00,PM3,89.23,3.87,117.52,3.08
2025-01-03 08:10:00,PM3,87.16,6.47,102.31,3.0
2025-01-03 08:20:00,Refiner 1,84.45,5.1,141.05,3.24
2025-01-03 08:30:00,Refiner 2,70.47,5.63,94.04,2.36
2025-01-03 08:40:00,Recovery Boiler,78.81,6.11,153.22,3.72
2025-01-03 08:50:00,PM3,81.97,6.46,108.52,3.01
2025-01-03 09:00:00,Recovery Boiler,79.23,4.25,110.25,3.61
2025-01-03 09:10:00,Digester A,84.52,5.58,96.36,3.93
2025-01-03 09:20:00,PM3,78.41,6.78,94.94,2.97
2025-01-03 09:30:00,Refiner 1,77.67,5.5,144.38,3.86
2025-01-03 09:40:00,Digester B,89.89,6.52,92.41,3.27
2025-01-03 09:50:00,Digester B,81.1,7.33,90.08,4.13
2025-01-03 10:00:00,PM3,89.46,7.83,109.76,4.0
2025-01-03 10:10:00,PM3,96.41,5.38,81.62,2.18
2025-01-03 10:20:00,PM1,88.56,4.12,110.69,3.81
2025-01-03 10:30:00,Refiner 1,85.93,6.43,125.56,4.4
2025-01-03 10:40:00,PM1,80.24,5.32,100.68,4.08
2025-01-03 10:50:00,PM3,89.5,6.45,149.59,2.68
2025-01-03 11:00:00,Recovery Boiler,93.34,7.52,138.39,4.75
2025-01-03 11:10:00,Digester A,76.72,5.48,101.62,4.01
2025-01-03 11:20:00,PM2,79.75,6.76,154.26,3.99
2025-01-03 11:30:00,Refiner 2,86.42,5.01,98.83,4.37
2025-01-03 11:40:00,PM3,88.9,5.96,109.55,2.08
2025-01-03 11:50:00,Recovery Boiler,79.65,7.91,87.99,3.63
2025-01-03 12:00:00,PM2,90.04,4.75,124.62,4.16
2025-01-03 12:10:00,Digester A,85.06,8.87,78.29,4.24
2025-01-03 12:20:00,Recovery Boiler,84.14,6.77,131.03,2.99
2025-01-03 12:30:00,Recovery Boiler,86.14,4.14,135.08,3.71
2025-01-03 12:40:00,PM3,88.19,7.06,129.19,3.6
2025-01-03 12:50:00,PM2,80.59,5.29,149.67,4.51
2025-01-03 13:00:00,Recovery Boiler,83.81,6.05,97.38,4.32
2025-01-03 13:10:00,Refiner 2,88.33,7.94,98.04,3.24
2025-01-03 13:20:00,PM1,86.16,6.65,114.61,2.89
2025-01-03 13:30:00,Digester B,89.41,6.72,97.09,4.45
2025-01-03 13:40:00,Digester A,90.85,6.13,121.99,3.89
2025-01-03 13:50:00,Digester A,80.69,6.03,66.19,4.11
2025-01-03 14:00:00,PM2,77.19,7.5,111.75,3.35
2025-01-03 14:10:00,Recovery Boiler,81.86,5.71,155.46,1.76
2025-01-03 14:20:00,Digester B,91.38,6.34,89.82,2.75
2025-01-03 14:30:00,PM2,93.38,5.05,91.17,4.3
2025-01-03 14:40:00,PM1,86.69,5.06,125.42,2.78
2025-01-03 14:50:00,PM1,90.5,7.06,133.3,3.75
2025-01-03 15:00:00,Refiner 1,93.81,6.0,90.45,3.81
2025-01-03 15:10:00,Refiner 2,95.43,4.99,110.96,3.79
2025-01-03 15:20:00,Refiner 1,84.73,5.02,148.05,5.12
2025-01-03 15:30:00,PM3,85.98,5.1,81.28,3.68
2025-01-03 15:40:00,Refiner 1,90.52,6.48,119.94,3.09
2025-01-03 15:50:00,Refiner 2,79.54,6.83,142.84,2.42
2025-01-03 16:00:00,Refiner 1,92.95,6.57,154.99,2.56
2025-01-03 16:10:00,Recovery Boiler,78.17,5.85,132.57,4.76
2025-01-03 16:20:00,Refiner 1,88.53,5.76,94.34,4.36
2025-01-03 16:30:00,PM2,80.18,7.63,112.89,4.61
2025-01-03 16:40:00,Refiner 2,88.39,5.86,107.02,3.26
2025-01-03 16:50:00,Digester A,87.14,6.08,105.15,3.38
2025-01-03 17:00:00,PM3,85.39,3.87,131.45,2.81
2025-01-03 17:10:00,Refiner 2,79.23,4.31,75.15,2.55
2025-01-03 17:20:00,PM2,81.45,7.95,106.85,3.62
2025-01-03 17:30:00,PM1,87.0,6.13,118.06,2.66
2025-01-03 17:40:00,Digester B,92.25,7.81,77.93,2.78
2025-01-03 17:50:00,PM1,83.6,5.04,132.65,2.99
2025-01-03 18:00:00,Recovery Boiler,95.83,7.19,125.31,4.22
2025-01-03 18:10:00,Digester B,90.53,5.44,99.59,3.55
2025-01-03 18:20:00,PM2,89.31,6.14,80.58,2.94
2025-01-03 18:30:00,PM2,84.63,5.92,169.31,2.53
2025-01-03 18:40:00,Recovery Boiler,87.53,7.49,176.79,3.22
2025-01-03 18:50:00,PM3,87.46,6.57,124.89,3.43
2025-01-03 19:00:00,Refiner 1,87.18,3.47,137.05,3.59
2025-01-03 19:10:00,PM3,83.89,8.05,103.13,3.22
2025-01-03 19:20:00,PM2,94.96,5.17,106.25,3.4
2025-01-03 19:30:00,PM2,89.2,6.21,87.68,3.13
2025-01-03 19:40:00,Recovery Boiler,81.96,5.92,130.65,3.79
2025-01-03 19:50:00,Refiner 2,76.12,7.06,126.31,4.47
2025-01-03 20:00:00,PM1,87.22,7.1,131.66,4.44
2025-01-03 20:10:00,Refiner 1,87.61,5.9,176.81,4.12
2025-01-03 20:20:00,PM3,87.87,4.72,87.79,3.7
2025-01-03 20:30:00,Refiner 1,85.73,5.39,123.52,4.61
2025-01-03 20:40:00,PM3,88.48,4.86,117.21,2.94
2025-01-03 20:50:00,PM1,83.06,5.59,108.06,2.62
2025-01-03 21:00:00,PM2,84.36,5.44,46.76,4.94
2025-01-03 21:10:00,Recovery Boiler,90.44,5.62,120.47,2.68
2025-01-03 21:20:00,Digester A,93.48,7.9,123.92,4.22
2025-01-03 21:30:00,Digester A,85.88,4.66,109.7,3.59
2025-01-03 21:40:00,Refiner 1,82.73,5.78,117.72,3.44
2025-01-03 21:50:00,Digester B,85.26,4.94,102.07,2.6
2025-01-03 22:00:00,Digester B,89.89,3.89,148.84,4.47
2025-01-03 22:10:00,Digester B,83.49,3.4,110.97,3.46
2025-01-03 22:20:00,Digester A,79.95,5.48,158.25,3.97
2025-01-03 22:30:00,PM2,80.38,4.4,111.82,3.35
2025-01-03 22:40:00,PM1,87.48,5.46,132.79,4.85
2025-01-03 22:50:00,Refiner 1,89.08,5.95,115.42,3.25
2025-01-03 23:00:00,Refiner 2,90.9,5.37,121.13,3.54
2025-01-03 23:10:00,PM3,82.49,4.63,128.07,3.46
2025-01-03 23:20:00,PM1,87.5,5.47,150.52,2.89
2025-01-03 23:30:00,Recovery Boiler,93.56,4.25,130.87,3.83
2025-01-03 23:40:00,PM1,81.02,6.42,151.99,1.95
2025-01-03 23:50:00,Refiner 1,87.51,3.51,95.86,4.64
2025-01-04 00:00:00,PM2,82.09,4.83,115.05,4.95
2025-01-04 00:10:00,Digester B,75.84,4.95,157.44,4.8
2025-01-04 00:20:00,Refiner 2,84.48,4.76,172.4,4.62
2025-01-04 00:30:00,Digester A,88.39,5.19,118.77,3.39
2025-01-04 00:40:00,PM2,86.65,7.45,141.99,2.75
2025-01-04 00:50:00,PM1,91.88,6.31,137.18,4.53
2025-01-04 01:00:00,Digester A,79.44,5.96,106.71,2.4
2025-01-04 01:10:00,PM3,86.73,8.51,74.0,3.48
2025-01-04 01:20:00,Digester B,88.2,6.12,117.17,2.59
2025-01-04 01:30:00,PM2,86.16,5.24,65.25,4.34
2025-01-04 01:40:00,Refiner 2,89.79,6.05,125.73,4.25
2025-01-04 01:50:00,PM2,86.12,6.9,112.56,4.42
2025-01-04 02:00:00,Digester B,86.6,6.19,88.25,3.7
2025-01-04 02:10:00,Refiner 1,80.84,5.36,99.62,2.75
2025-01-04 02:20:00,Refiner 2,95.62,7.33,168.01,2.64
2025-01-04 02:30:00,Refiner 2,85.36,4.71,102.61,2.86
2025-01-04 02:40:00,Digester B,91.2,5.6,146.71,3.92
2025-01-04 02:50:00,PM2,96.52,4.52,151.48,4.3
2025-01-04 03:00:00,Refiner 1,80.13,7.01,128.4,3.34
2025-01-04 03:10:00,PM3,80.88,5.28,171.25,3.5
2025-01-04 03:20:00,Recovery Boiler,88.91,5.21,100.5,4.26
2025-01-04 03:30:00,Refiner 1,78.25,5.58,120.85,3.58
2025-01-04 03:40:00,Recovery Boiler,84.1,6.4,137.32,4.01
2025-01-04 03:50:00,PM3,80.07,5.72,149.87,4.13
2025-01-04 04:00:00,Refiner 2,78.14,6.35,70.54,3.53
2025-01-04 04:10:00,PM1,94.49,5.05,99.14,4.03
2025-01-04 04:20:00,Digester B,77.29,5.37,134.91,3.06
2025-01-04 04:30:00,Refiner 2,83.82,6.74,130.54,3.69
2025-01-04 04:40:00,Refiner 2,83.3,6.37,116.91,3.82
2025-01-04 04:50:00,Digester B,82.52,5.82,95.25,3.48
2025-01-04 05:00:00,Digester A,80.94,4.89,126.47,3.65
2025-01-04 05:10:00,Digester B,88.91,5.57,130.2,3.89
2025-01-04 05:20:00,PM1,87.22,5.17,123.73,3.75
2025-01-04 05:30:00,PM3,85.04,3.91,124.01,5.05
2025-01-04 05:40:00,PM2,83.2,5.27,129.33,3.72
2025-01-04 05:50:00,PM2,90.96,4.74,138.28,3.91
2025-01-04 06:00:00,Recovery Boiler,84.29,6.34,145.74,4.11
2025-01-04 06:10:00,Refiner 1,79.28,6.82,118.38,3.55
2025-01-04 06:20:00,Digester A,85.37,5.85,149.79,3.44
2025-01-04 06:30:00,PM1,79.4,5.61,124.47,4.36
2025-01-04 06:40:00,Refiner 1,88.02,5.15,182.13,3.69
2025-01-04 06:50:00,Refiner 1,91.38,5.85,133.33,4.09
2025-01-04 07:00:00,Refiner 2,91.09,7.06,141.8,3.28
2025-01-04 07:10:00,Digester A,82.14,6.33,143.33,3.34
2025-01-04 07:20:00,Refiner 2,90.33,7.45,97.09,2.91
2025-01-04 07:30:00,Digester B,84.3,6.31,106.89,4.45
2025-01-04 07:40:00,PM2,87.12,6.04,84.1,2.58
2025-01-04 07:50:00,Refiner 1,86.41,3.87,145.32,3.39
2025-01-04 08:00:00,PM1,101.22,8.31,115.46,3.43
2025-01-04 08:10:00,PM3,89.98,7.7,79.05,2.25
2025-01-04 08:20:00,PM2,81.89,6.58,132.42,4.25
2025-01-04 08:30:00,Refiner 2,79.0,3.68,141.45,2.92
2025-01-04 08:40:00,PM3,74.91,6.15,139.83,3.41
2025-01-04 08:50:00,PM3,82.71,5.84,110.74,2.56
2025-01-04 09:00:00,Digester A,81.43,6.52,128.04,3.62
2025-01-04 09:10:00,Digester A,80.02,5.82,65.57,3.62
2025-01-04 09:20:00,PM3,92.14,4.53,105.35,3.73
2025-01-04 09:30:00,PM1,91.26,5.55,102.69,2.12
2025-01-04 09:40:00,Refiner 1,85.52,8.04,126.93,3.48
2025-01-04 09:50:00,PM2,86.61,5.99,99.67,4.08
2025-01-04 10:00:00,Refiner 1,86.13,6.02,95.62,4.41
2025-01-04 10:10:00,Digester A,88.32,5.45,145.05,3.15
2025-01-04 10:20:00,PM3,81.09,5.24,75.72,3.83
2025-01-04 10:30:00,Digester B,75.84,4.77,68.11,3.44
2025-01-04 10:40:00,Recovery Boiler,84.25,5.67,93.94,2.68
2025-01-04 10:50:00,PM2,87.32,5.45,127.91,2.88
2025-01-04 11:00:00,PM2,85.91,7.3,134.65,3.21
2025-01-04 11:10:00,Refiner 1,86.29,5.76,120.2,3.27
2025-01-04 11:20:00,Refiner 1,84.18,6.21,95.17,2.79
2025-01-04 11:30:00,Recovery Boiler,78.06,4.4,89.57,3.61
2025-01-04 11:40:00,Digester B,80.54,6.51,120.87,2.12
2025-01-04 11:50:00,Refiner 2,88.27,6.81,95.15,3.79
2025-01-04 12:00:00,PM1,80.72,6.1,88.39,2.24
2025-01-04 12:10:00,Refiner 1,83.09,5.88,110.06,2.67
2025-01-04 12:20:00,PM2,83.0,6.27,118.88,3.63
2025-01-04 12:30:00,Refiner 1,81.65,7.17,90.6,3.84
2025-01-04 12:40:00,PM3,90.91,6.48,114.94,3.13
2025-01-04 12:50:00,PM3,90.18,4.58,95.75,3.22
2025-01-04 13:00:00,PM2,91.19,6.38,95.8,3.28
2025-01-04 13:10:00,PM2,81.93,5.29,144.47,2.54
2025-01-04 13:20:00,PM2,93.04,6.83,147.27,3.18
2025-01-04 13:30:00,Digester B,84.25,4.57,106.88,3.85
2025-01-04 13:40:00,Recovery Boiler,91.48,4.89,110.86,3.39
2025-01-04 13:50:00,Refiner 1,78.02,6.59,101.9,3.36
2025-01-04 14:00:00,Digester B,82.74,5.21,119.82,3.35
2025-01-04 14:10:00,Refiner 1,83.14,5.27,127.99,4.66
2025-01-04 14:20:00,Refiner 2,85.7,7.0,85.24,3.61
2025-01-04 14:30:00,Refiner 2,79.51,4.52,101.52,4.33
2025-01-04 14:40:00,PM1,89.75,6.24,81.68,3.36
2025-01-04 14:50:00,PM3,86.51,6.18,73.91,2.88
2025-01-04 15:00:00,Digester B,84.68,6.54,65.1,3.39
2025-01-04 15:10:00,Refiner 1,85.72,6.85,137.32,3.91
2025-01-04 15:20:00,PM3,81.0,4.09,110.17,4.2
2025-01-04 15:30:00,Refiner 1,91.97,6.71,130.73,3.77
2025-01-04 15:40:00,PM1,82.22,5.87,161.73,2.84
2025-01-04 15:50:00,Refiner 1,93.07,5.68,153.14,2.52
2025-01-04 16:00:00,Recovery Boiler,87.93,5.26,84.62,3.65
2025-01-04 16:10:00,Digester A,90.05,5.16,82.52,3.44
2025-01-04 16:20:00,PM1,84.56,6.55,143.74,3.46
2025-01-04 16:30:00,Refiner 2,94.28,6.22,111.34,2.37
2025-01-04 16:40:00,Digester B,83.69,5.66,144.01,3.82
2025-01-04 16:50:00,Recovery Boiler,79.1,6.17,136.79,4.57
2025-01-04 17:00:00,PM1,89.44,6.76,121.5,3.77
2025-01-04 17:10:00,Recovery Boiler,91.25,4.67,111.26,2.96
2025-01-04 17:20:00,Digester B,86.9,7.23,105.08,1.83
2025-01-04 17:30:00,Digester B,82.94,6.91,133.44,3.8
2025-01-04 17:40:00,Digester B,83.6,4.72,132.88,2.92
2025-01-04 17:50:00,Refiner 2,95.92,6.57,105.48,3.07
2025-01-04 18:00:00,PM2,84.54,5.76,147.92,3.63
2025-01-04 18:10:00,Digester A,81.34,7.89,121.23,4.04
2025-01-04 18:20:00,PM3,81.96,6.36,127.78,2.18
2025-01-04 18:30:00,Digester B,95.08,7.29,110.07,2.73
2025-01-04 18:40:00,Refiner 2,86.74,6.09,128.89,3.63
2025-01-04 18:50:00,Recovery Boiler,87.53,7.45,134.2,2.77
2025-01-04 19:00:00,Digester B,91.81,7.64,198.8,2.71
2025-01-04 19:10:00,Refiner 1,86.21,3.92,133.83,3.12
2025-01-04 19:20:00,PM2,94.62,5.23,77.77,3.17
2025-01-04 19:30:00,Digester A,75.12,6.75,68.37,3.52
2025-01-04 19:40:00,Refiner 2,74.61,5.68,161.08,3.75
2025-01-04 19:50:00,Digester A,80.68,5.97,120.45,3.83
2025-01-04 20:00:00,Refiner 1,78.17,6.59,52.39,3.06
2025-01-04 20:10:00,Refiner 2,82.56,6.63,120.57,2.52
2025-01-04 20:20:00,Recovery Boiler,80.08,6.2,118.02,3.09
2025-01-04 20:30:00,PM1,82.6,6.7,107.06,3.44
2025-01-04 20:40:00,PM3,95.85,4.58,73.7,4.05
2025-01-04 20:50:00,PM2,81.61,5.68,100.47,3.32
2025-01-04 21:00:00,Digester B,92.99,6.8,141.56,2.51
2025-01-04 21:10:00,Refiner 1,79.24,3.16,99.77,4.17
2025-01-04 21:20:00,PM3,87.58,5.78,119.44,3.02
2025-01-04 21:30:00,PM1,86.02,6.77,79.6,3.71
2025-01-04 21:40:00,PM3,89.66,5.58,137.52,5.47
2025-01-04 21:50:00,Digester A,84.48,6.39,101.55,3.63
2025-01-04 22:00:00,Digester A,87.3,6.19,94.51,3.64
2025-01-04 22:10:00,PM1,92.31,6.45,144.05,3.33
2025-01-04 22:20:00,Digester A,88.75,6.28,96.23,3.72
2025-01-04 22:30:00,PM1,80.04,5.37,124.73,3.71
2025-01-04 22:40:00,Refiner 2,79.05,7.05,134.3,3.01
2025-01-04 22:50:00,PM1,77.31,5.86,108.85,3.58
2025-01-04 23:00:00,Recovery Boiler,83.18,3.99,110.29,3.29
2025-01-04 23:10:00,Digester A,88.17,5.3,161.97,2.16
2025-01-04 23:20:00,Digester B,91.56,5.78,141.49,3.56
2025-01-04 23:30:00,Recovery Boiler,90.7,5.61,92.53,4.49
2025-01-04 23:40:00,Refiner 2,84.43,6.22,150.87,2.78
2025-01-04 23:50:00,Refiner 1,87.98,5.41,116.7,3.55
2025-01-05 00:00:00,PM2,77.5,5.22,153.78,4.12
2025-01-05 00:10:00,PM1,84.69,6.24,112.64,4.45
2025-01-05 00:20:00,Digester A,84.0,6.23,148.65,2.96
2025-01-05 00:30:00,Recovery Boiler,92.79,4.47,160.74,3.24
2025-01-05 00:40:00,Refiner 2,83.79,4.11,108.63,2.77
2025-01-05 00:50:00,Refiner 2,81.96,5.86,143.94,3.65
2025-01-05 01:00:00,PM3,86.54,4.9,97.98,4.76
2025-01-05 01:10:00,Refiner 2,81.32,7.66,113.92,3.5
2025-01-05 01:20:00,Recovery Boiler,90.35,7.27,117.23,3.23
2025-01-05 01:30:00,Recovery Boiler,84.72,6.34,142.28,3.5
2025-01-05 01:40:00,PM3,88.09,7.64,129.53,3.72
2025-01-05 01:50:00,Digester B,77.41,3.37,129.71,3.43
2025-01-05 02:00:00,PM2,82.43,6.24,118.49,4.29
2025-01-05 02:10:00,Digester B,85.43,5.25,144.75,3.35
2025-01-05 02:20:00,PM1,87.63,5.52,103.75,3.56
2025-01-05 02:30:00,Refiner 1,85.06,6.48,113.28,2.21
2025-01-05 02:40:00,PM1,82.84,6.79,112.57,3.33
2025-01-05 02:50:00,PM3,89.93,5.29,81.43,3.39
2025-01-05 03:00:00,Digester A,82.58,5.03,115.62,3.84
2025-01-05 03:10:00,Digester A,84.95,6.31,165.34,3.26
2025-01-05 03:20:00,Digester A,86.39,5.49,98.84,3.09
2025-01-05 03:30:00,Digester A,82.61,6.36,178.73,3.0
2025-01-05 03:40:00,Digester B,82.92,5.94,129.89,3.68
2025-01-05 03:50:00,Refiner 1,91.42,3.57,60.33,3.15
2025-01-05 04:00:00,PM1,90.49,4.43,44.81,3.9
2025-01-05 04:10:00,PM1,86.22,4.91,95.36,2.82
2025-01-05 04:20:00,Refiner 2,85.55,5.37,132.35,1.5
2025-01-05 04:30:00,PM3,80.72,4.87,113.59,3.12
2025-01-05 04:40:00,PM3,88.99,4.14,121.14,3.89
2025-01-05 04:50:00,PM1,94.28,5.52,128.11,2.24
2025-01-05 05:00:00,Digester A,73.04,6.84,119.86,4.32
2025-01-05 05:10:00,Digester B,78.13,6.52,166.72,3.79
2025-01-05 05:20:00,Digester B,86.38,6.01,80.73,4.45
2025-01-05 05:30:00,Digester B,81.95,6.5,80.92,2.67
2025-01-05 05:40:00,Refiner 1,92.18,5.65,156.33,3.45
2025-01-05 05:50:00,Refiner 1,75.79,6.89,105.25,3.99
2025-01-05 06:00:00,Recovery Boiler,85.13,4.46,124.11,5.04
2025-01-05 06:10:00,Refiner 2,87.46,5.94,146.88,3.65
2025-01-05 06:20:00,Digester B,86.05,4.91,125.85,4.22
2025-01-05 06:30:00,Digester A,80.82,7.42,117.71,2.88
2025-01-05 06:40:00,Refiner 2,89.99,5.71,138.99,3.3
2025-01-05 06:50:00,Digester B,84.7,6.49,127.27,2.1
2025-01-05 07:00:00,Refiner 1,79.39,6.93,116.7,3.13
2025-01-05 07:10:00,PM2,78.21,4.92,69.46,3.43
2025-01-05 07:20:00,PM1,82.01,5.03,118.3,3.75
2025-01-05 07:30:00,Recovery Boiler,95.47,4.49,148.98,4.18
2025-01-05 07:40:00,Digester B,81.1,6.2,108.56,3.63
2025-01-05 07:50:00,Digester B,92.55,6.61,132.72,3.2
2025-01-05 08:00:00,PM2,77.58,5.79,150.17,2.43
2025-01-05 08:10:00,Refiner 2,79.72,6.13,95.38,2.95
2025-01-05 08:20:00,PM2,82.88,4.63,95.65,3.99
2025-01-05 08:30:00,Recovery Boiler,78.46,4.4,104.25,4.01
2025-01-05 08:40:00,Digester B,84.02,5.54,121.11,2.28
2025-01-05 08:50:00,Recovery Boiler,87.47,6.38,109.77,4.2
2025-01-05 09:00:00,Digester B,79.36,7.13,123.86,3.26
2025-01-05 09:10:00,Digester B,84.9,5.89,150.51,2.75
2025-01-05 09:20:00,Digester B,81.19,7.04,105.11,4.13
2025-01-05 09:30:00,Digester A,93.5,5.6,137.03,2.69
2025-01-05 09:40:00,PM3,88.77,6.2,131.83,3.05
2025-01-05 09:50:00,Digester A,76.69,6.5,68.41,3.28
2025-01-05 10:00:00,PM1,89.71,6.19,168.71,4.22
2025-01-05 10:10:00,Refiner 1,81.73,6.03,118.82,2.39
2025-01-05 10:20:00,Recovery Boiler,80.3,5.44,69.09,3.53
2025-01-05 10:30:00,PM3,83.75,4.33,130.11,4.0
2025-01-05 10:40:00,PM1,86.14,5.68,134.79,3.98
2025-01-05 10:50:00,Refiner 2,86.54,5.18,126.92,4.34
2025-01-05 11:00:00,Digester B,82.02,8.1,106.86,3.52
2025-01-05 11:10:00,Digester B,81.64,6.22,76.44,3.12
2025-01-05 11:20:00,Refiner 1,79.54,6.14,144.86,3.95
2025-01-05 11:30:00,Refiner 1,73.14,8.04,127.38,2.96
2025-01-05 11:40:00,Refiner 1,85.79,6.18,103.33,3.64
2025-01-05 11:50:00,PM1,81.96,5.6,102.84,2.5
2025-01-05 12:00:00,Digester A,85.73,6.59,132.87,4.07
2025-01-05 12:10:00,Recovery Boiler,86.62,5.47,140.99,2.55
2025-01-05 12:20:00,Digester A,80.5,5.04,147.0,4.16
2025-01-05 12:30:00,Refiner 2,87.44,7.07,98.02,3.74
2025-01-05 12:40:00,Recovery Boiler,84.37,6.85,117.12,3.23
2025-01-05 12:50:00,Digester B,87.7,6.88,103.29,3.46
2025-01-05 13:00:00,PM3,79.71,3.5,125.01,3.93
2025-01-05 13:10:00,PM3,86.31,4.05,111.23,1.95
2025-01-05 13:20:00,Digester B,91.85,4.91,151.39,4.16
2025-01-05 13:30:00,PM2,80.5,4.87,128.76,2.91
2025-01-05 13:40:00,Refiner 2,85.51,5.52,75.47,1.94
2025-01-05 13:50:00,PM3,86.13,5.44,106.17,3.99
2025-01-05 14:00:00,Digester B,90.87,5.73,111.49,3.85
2025-01-05 14:10:00,PM3,78.22,6.22,133.8,3.98
2025-01-05 14:20:00,Recovery Boiler,75.32,5.24,98.04,3.57
2025-01-05 14:30:00,PM2,87.4,7.5,107.63,3.15
2025-01-05 14:40:00,Digester A,90.75,6.3,151.69,3.7
2025-01-05 14:50:00,Recovery Boiler,79.21,4.67,81.21,3.96
2025-01-05 15:00:00,Digester A,90.94,7.85,141.08,4.31
2025-01-05 15:10:00,Digester B,82.1,4.84,141.25,3.79
2025-01-05 15:20:00,Refiner 1,85.54,6.39,128.08,4.4
2025-01-05 15:30:00,Recovery Boiler,91.47,6.54,141.15,3.86
2025-01-05 15:40:00,Recovery Boiler,82.69,6.76,85.14,4.24
2025-01-05 15:50:00,Digester B,79.03,6.29,98.87,3.89
2025-01-05 16:00:00,Digester B,84.83,4.41,130.52,3.1
2025-01-05 16:10:00,Refiner 2,89.41,6.0,129.89,2.83
2025-01-05 16:20:00,PM2,82.05,5.54,141.42,4.67
2025-01-05 16:30:00,Refiner 2,80.97,7.08,65.76,2.66
2025-01-05 16:40:00,PM1,80.21,4.65,80.41,3.79
2025-01-05 16:50:00,PM2,83.93,6.38,137.26,3.69
2025-01-05 17:00:00,Refiner 2,88.29,5.93,90.33,4.24
2025-01-05 17:10:00,Digester A,82.05,5.06,115.55,2.86
2025-01-05 17:20:00,PM2,82.91,6.34,128.71,2.87
2025-01-05 17:30:00,Refiner 1,82.56,7.07,132.41,4.95
2025-01-05 17:40:00,Digester B,90.9,7.14,85.3,4.03
2025-01-05 17:50:00,Refiner 1,84.73,5.45,124.2,4.16
2025-01-05 18:00:00,PM1,87.5,5.12,138.56,3.05
2025-01-05 18:10:00,PM3,86.08,5.7,114.53,4.04
2025-01-05 18:20:00,PM3,79.8,7.95,74.47,3.08
2025-01-05 18:30:00,Digester A,86.85,6.58,117.49,3.46
2025-01-05 18:40:00,Recovery Boiler,87.05,5.77,154.83,4.09
2025-01-05 18:50:00,Refiner 1,89.36,5.03,118.02,3.29
2025-01-05 19:00:00,Refiner 2,79.97,6.36,106.56,3.96
2025-01-05 19:10:00,PM3,79.65,7.72,97.59,3.65
2025-01-05 19:20:00,Recovery Boiler,88.96,5.43,141.31,2.64
2025-01-05 19:30:00,PM3,92.26,6.01,105.09,3.29
2025-01-05 19:40:00,PM2,89.04,5.42,101.27,3.34
2025-01-05 19:50:00,Refiner 2,79.12,7.82,105.84,4.08
2025-01-05 20:00:00,Recovery Boiler,86.05,5.02,119.85,4.05
2025-01-05 20:10:00,PM3,84.06,7.19,145.54,4.14
2025-01-05 20:20:00,Recovery Boiler,82.7,4.92,104.66,3.64
2025-01-05 20:30:00,PM1,87.73,3.83,119.8,3.61
2025-01-05 20:40:00,PM1,83.61,7.29,130.54,4.42
2025-01-05 20:50:00,Refiner 2,83.92,6.94,160.88,4.42
2025-01-05 21:00:00,Digester B,79.54,5.75,111.37,3.84
2025-01-05 21:10:00,Digester A,88.43,5.16,121.7,2.09
2025-01-05 21:20:00,PM3,92.21,5.49,121.4,3.28
2025-01-05 21:30:00,PM3,90.73,3.16,119.58,3.43
2025-01-05 21:40:00,Refiner 2,82.73,7.73,97.82,4.04
2025-01-05 21:50:00,PM2,86.78,7.26,103.32,2.99
2025-01-05 22:00:00,PM3,90.48,6.43,81.38,3.12
2025-01-05 22:10:00,Refiner 1,86.93,6.84,103.02,1.46
2025-01-05 22:20:00,Refiner 1,87.62,4.78,69.57,1.52
2025-01-05 22:30:00,Refiner 1,89.07,6.13,114.36,4.47
2025-01-05 22:40:00,Refiner 1,88.19,7.62,85.18,3.48
2025-01-05 22:50:00,Refiner 2,76.92,5.77,113.78,3.94
2025-01-05 23:00:00,Refiner 1,85.23,6.62,137.59,5.01
2025-01-05 23:10:00,PM1,83.42,5.06,126.15,2.94
2025-01-05 23:20:00,PM1,92.41,5.72,105.86,3.17
2025-01-05 23:30:00,Digester A,88.59,5.84,103.96,4.67
2025-01-05 23:40:00,Recovery Boiler,80.72,6.04,136.31,2.36
2025-01-05 23:50:00,PM1,87.4,4.94,140.57,2.83
2025-01-06 00:00:00,Recovery Boiler,88.46,7.11,141.54,3.68
2025-01-06 00:10:00,Digester A,83.84,5.42,156.78,3.01
2025-01-06 00:20:00,PM1,79.81,6.67,100.1,2.83
2025-01-06 00:30:00,PM1,77.78,5.52,117.93,3.67
2025-01-06 00:40:00,Digester A,89.76,6.53,115.23,3.36
2025-01-06 00:50:00,Digester A,87.55,7.27,123.16,3.17
2025-01-06 01:00:00,Recovery Boiler,80.04,4.55,136.66,3.9
2025-01-06 01:10:00,Digester B,87.89,5.87,155.17,3.16
2025-01-06 01:20:00,PM3,89.78,5.96,104.79,3.91
2025-01-06 01:30:00,PM2,87.05,6.36,122.03,3.47
2025-01-06 01:40:00,Refiner 1,96.94,7.18,138.07,3.58
2025-01-06 01:50:00,Digester B,90.04,6.52,120.66,3.29
2025-01-06 02:00:00,PM3,84.6,2.83,125.27,3.16
2025-01-06 02:10:00,PM2,92.96,6.02,90.28,3.47
2025-01-06 02:20:00,PM1,79.77,6.47,127.27,4.17
2025-01-06 02:30:00,Digester B,81.05,6.03,85.87,3.99
2025-01-06 02:40:00,Digester B,87.59,6.5,120.04,3.79
2025-01-06 02:50:00,Refiner 2,93.02,5.71,123.47,2.74
2025-01-06 03:00:00,Recovery Boiler,80.66,6.1,147.6,3.32
2025-01-06 03:10:00,Refiner 1,83.82,5.59,106.63,3.71
2025-01-06 03:20:00,PM3,77.51,7.28,103.36,4.01
2025-01-06 03:30:00,Recovery Boiler,78.65,6.67,136.8,3.77
2025-01-06 03:40:00,Refiner 2,80.03,6.25,90.42,3.32
2025-01-06 03:50:00,Recovery Boiler,90.15,6.8,120.38,2.82
2025-01-06 04:00:00,Digester A,88.23,6.02,61.99,4.05
2025-01-06 04:10:00,PM3,84.88,7.2,92.62,1.28
2025-01-06 04:20:00,Refiner 1,86.4,6.29,77.73,2.82
2025-01-06 04:30:00,PM1,98.78,5.69,138.27,3.04
2025-01-06 04:40:00,Digester A,74.55,5.83,113.36,3.22
2025-01-06 04:50:00,Digester A,84.43,6.26,116.25,2.62
2025-01-06 05:00:00,PM3,87.43,4.05,68.74,4.02
2025-01-06 05:10:00,Digester A,87.54,5.94,85.11,3.0
2025-01-06 05:20:00,PM1,83.69,4.4,101.52,3.96
2025-01-06 05:30:00,PM3,92.14,5.58,138.91,2.16
2025-01-06 05:40:00,PM2,88.3,5.2,127.68,3.33
2025-01-06 05:50:00,Recovery Boiler,91.6,5.13,135.69,3.3
2025-01-06 06:00:00,PM1,84.21,5.82,98.86,3.49
2025-01-06 06:10:00,Refiner 1,84.69,6.24,122.11,4.06
2025-01-06 06:20:00,Digester B,89.62,4.95,141.72,2.67
2025-01-06 06:30:00,PM1,87.94,6.62,72.22,3.57
2025-01-06 06:40:00,PM1,82.66,5.24,153.77,3.04
2025-01-06 06:50:00,PM2,80.97,6.08,137.14,3.4
2025-01-06 07:00:00,PM1,90.83,6.53,65.54,3.13
2025-01-06 07:10:00,PM1,82.19,6.48,54.38,5.28
2025-01-06 07:20:00,PM2,87.66,6.15,149.54,5.14
2025-01-06 07:30:00,Refiner 1,89.35,6.95,123.27,3.4
2025-01-06 07:40:00,Refiner 2,82.62,5.17,102.82,2.55
2025-01-06 07:50:00,Refiner 1,84.62,4.32,124.77,3.47
2025-01-06 08:00:00,PM2,85.73,5.48,196.92,4.45
2025-01-06 08:10:00,Digester B,78.78,6.23,104.8,2.79
2025-01-06 08:20:00,Refiner 2,78.3,6.43,102.97,4.18
2025-01-06 08:30:00,PM3,89.97,7.37,98.69,3.83
2025-01-06 08:40:00,Digester A,88.16,5.53,100.71,4.63
2025-01-06 08:50:00,PM1,86.14,6.64,99.45,2.65
2025-01-06 09:00:00,Digester B,82.15,5.88,93.39,3.49
2025-01-06 09:10:00,Refiner 1,76.56,4.88,136.77,3.92
2025-01-06 09:20:00,PM2,83.04,4.98,94.31,3.24
2025-01-06 09:30:00,Digester B,88.22,6.93,107.59,2.69
2025-01-06 09:40:00,PM3,86.34,5.18,107.04,4.43
2025-01-06 09:50:00,Refiner 1,89.14,6.16,88.2,3.65
2025-01-06 10:00:00,PM2,90.31,5.62,153.78,4.4
2025-01-06 10:10:00,PM2,93.32,6.31,134.68,4.49
2025-01-06 10:20:00,Digester B,87.24,5.5,108.79,3.67
2025-01-06 10:30:00,PM2,78.55,5.86,147.41,1.97
2025-01-06 10:40:00,PM2,92.67,7.12,108.51,3.88
2025-01-06 10:50:00,Refiner 2,85.02,7.23,144.57,2.52
2025-01-06 11:00:00,Digester A,87.94,5.79,122.07,2.99
2025-01-06 11:10:00,Digester A,93.74,7.04,101.51,2.57
2025-01-06 11:20:00,Digester B,83.07,6.43,126.01,4.38
2025-01-06 11:30:00,Digester A,88.95,6.97,128.17,2.53
2025-01-06 11:40:00,Recovery Boiler,84.02,7.06,118.71,3.85
2025-01-06 11:50:00,Refiner 1,83.41,4.97,116.92,3.72
2025-01-06 12:00:00,Digester B,81.72,5.76,96.51,4.28
2025-01-06 12:10:00,PM3,83.53,7.45,158.22,3.44
2025-01-06 12:20:00,PM1,79.96,3.91,83.2,2.54
2025-01-06 12:30:00,Refiner 2,91.89,6.12,129.74,1.95
2025-01-06 12:40:00,Digester A,79.01,6.89,127.17,3.4
2025-01-06 12:50:00,Refiner 2,87.82,7.64,114.47,3.55
2025-01-06 13:00:00,Recovery Boiler,85.96,8.39,67.52,3.98
2025-01-06 13:10:00,Digester A,84.43,6.57,103.57,3.47
2025-01-06 13:20:00,PM1,88.56,9.11,140.2,2.91
2025-01-06 13:30:00,PM1,82.88,5.55,75.11,3.27
2025-01-06 13:40:00,PM2,88.66,4.73,146.21,3.84
2025-01-06 13:50:00,PM2,81.33,5.86,159.96,4.01
2025-01-06 14:00:00,Refiner 2,85.04,5.76,121.92,3.14
2025-01-06 14:10:00,PM3,74.48,8.04,123.88,3.78
2025-01-06 14:20:00,PM2,84.71,5.26,115.35,2.38
2025-01-06 14:30:00,PM2,96.39,4.77,94.2,3.19
2025-01-06 14:40:00,PM2,91.44,6.01,89.1,4.38
2025-01-06 14:50:00,Digester B,88.66,6.54,137.89,5.18
2025-01-06 15:00:00,Digester A,95.93,5.31,160.6,3.77
2025-01-06 15:10:00,Refiner 2,87.5,4.31,115.74,2.93
2025-01-06 15:20:00,Digester B,89.14,7.07,68.14,3.48
2025-01-06 15:30:00,Digester B,90.61,5.81,138.23,3.75
2025-01-06 15:40:00,Refiner 2,86.71,5.73,89.59,2.71
2025-01-06 15:50:00,PM1,88.55,6.02,116.54,3.2
2025-01-06 16:00:00,PM2,83.47,7.05,111.62,2.56
2025-01-06 16:10:00,PM3,88.72,5.8,120.78,4.63
2025-01-06 16:20:00,PM1,84.9,6.29,90.53,3.35
2025-01-06 16:30:00,Digester B,88.05,4.44,125.02,3.57
2025-01-06 16:40:00,Recovery Boiler,85.21,7.04,128.36,4.53
2025-01-06 16:50:00,Recovery Boiler,80.03,6.14,122.11,2.75
2025-01-06 17:00:00,Refiner 1,89.78,8.32,119.57,3.85
2025-01-06 17:10:00,PM2,85.42,5.29,74.48,3.01
2025-01-06 17:20:00,PM2,78.04,7.7,117.12,3.26
2025-01-06 17:30:00,PM1,89.45,4.88,100.83,3.55
2025-01-06 17:40:00,PM1,90.14,6.5,126.21,3.55
2025-01-06 17:50:00,PM3,87.0,6.2,94.25,3.53
2025-01-06 18:00:00,PM3,79.63,6.08,107.98,5.28
2025-01-06 18:10:00,Recovery Boiler,84.8,4.6,116.65,3.86
2025-01-06 18:20:00,Recovery Boiler,93.37,5.41,80.44,4.07
2025-01-06 18:30:00,Refiner 2,78.1,5.56,113.56,3.45
2025-01-06 18:40:00,Digester B,88.45,5.32,113.16,3.49
2025-01-06 18:50:00,PM2,85.75,6.1,130.9,4.09
2025-01-06 19:00:00,Recovery Boiler,86.96,6.45,80.44,3.54
2025-01-06 19:10:00,Recovery Boiler,87.4,6.73,102.69,3.04
2025-01-06 19:20:00,PM3,82.13,6.54,145.85,3.21
2025-01-06 19:30:00,PM2,89.54,6.12,116.89,3.35
2025-01-06 19:40:00,Refiner 1,88.73,6.33,176.9,2.9
2025-01-06 19:50:00,Refiner 1,87.59,5.47,98.27,3.49
2025-01-06 20:00:00,Refiner 2,85.69,8.92,115.4,2.71
2025-01-06 20:10:00,Digester B,86.37,3.93,117.7,3.51
2025-01-06 20:20:00,Refiner 1,88.97,6.97,107.41,3.39
2025-01-06 20:30:00,Refiner 2,81.17,4.87,127.75,2.61
2025-01-06 20:40:00,Refiner 1,82.93,5.0,133.74,4.76
2025-01-06 20:50:00,PM3,78.49,4.15,116.88,3.51
2025-01-06 21:00:00,PM2,86.09,5.55,114.98,3.76
2025-01-06 21:10:00,PM3,90.2,4.04,110.78,3.65
2025-01-06 21:20:00,PM1,80.41,7.73,104.11,3.47
2025-01-06 21:30:00,PM3,87.78,5.41,73.84,3.2
2025-01-06 21:40:00,PM2,90.15,5.66,98.84,4.15
2025-01-06 21:50:00,Refiner 1,83.35,5.49,123.74,4.04
2025-01-06 22:00:00,Refiner 2,96.91,6.83,149.0,3.15
2025-01-06 22:10:00,Refiner 2,79.87,6.06,122.68,2.75
2025-01-06 22:20:00,PM3,84.12,6.4,129.01,3.85
2025-01-06 22:30:00,Refiner 1,86.45,5.49,107.15,2.66
2025-01-06 22:40:00,Recovery Boiler,93.92,6.01,114.38,2.85
2025-01-06 22:50:00,PM1,99.68,4.93,109.28,3.79
2025-01-06 23:00:00,PM3,88.0,6.96,165.19,3.85
2025-01-06 23:10:00,Refiner 2,79.72,5.74,127.7,4.95
2025-01-06 23:20:00,Refiner 2,78.01,7.2,124.5,4.09
2025-01-06 23:30:00,PM2,84.49,5.16,138.77,3.96
2025-01-06 23:40:00,Refiner 1,89.86,5.99,105.0,2.41
2025-01-06 23:50:00,Refiner 2,89.1,6.42,95.86,3.12
2025-01-07 00:00:00,PM1,82.67,4.52,99.56,2.71
2025-01-07 00:10:00,PM2,82.94,5.26,79.32,4.92
2025-01-07 00:20:00,Digester B,91.26,5.22,126.81,3.79
2025-01-07 00:30:00,Recovery Boiler,90.96,5.18,147.3,3.12
2025-01-07 00:40:00,PM1,78.32,6.72,152.27,5.31
2025-01-07 00:50:00,Digester A,79.0,6.7,109.75,4.05
2025-01-07 01:00:00,Recovery Boiler,77.65,4.74,100.6,3.56
2025-01-07 01:10:00,PM2,81.79,6.66,145.67,3.92
2025-01-07 01:20:00,Refiner 1,93.09,6.42,89.58,4.45
2025-01-07 01:30:00,Digester A,81.97,6.91,159.34,3.82
2025-01-07 01:40:00,Refiner 2,77.52,5.08,153.07,3.38
2025-01-07 01:50:00,Recovery Boiler,85.4,6.76,137.41,3.7
2025-01-07 02:00:00,Refiner 1,83.96,5.69,141.45,3.89
2025-01-07 02:10:00,PM3,83.71,7.08,116.77,2.9
2025-01-07 02:20:00,PM1,81.21,5.02,113.19,4.36
2025-01-07 02:30:00,PM1,80.97,6.19,103.58,3.32
2025-01-07 02:40:00,PM3,77.45,5.78,115.16,3.88
2025-01-07 02:50:00,Refiner 2,86.12,4.8,147.1,3.65
2025-01-07 03:00:00,Refiner 2,85.99,5.99,107.06,3.65
2025-01-07 03:10:00,PM3,87.38,4.25,106.53,3.32
2025-01-07 03:20:00,PM2,86.28,7.19,100.71,3.15
2025-01-07 03:30:00,Refiner 2,82.44,5.2,111.32,4.04
2025-01-07 03:40:00,Recovery Boiler,79.73,6.43,77.45,3.11
2025-01-07 03:50:00,Digester A,83.35,7.67,113.13,1.96
2025-01-07 04:00:00,Recovery Boiler,75.01,6.03,135.34,3.76
2025-01-07 04:10:00,Digester B,85.84,7.16,106.51,4.13
2025-01-07 04:20:00,PM1,76.84,5.1,74.82,3.31
2025-01-07 04:30:00,Digester A,84.77,6.11,121.55,2.85
2025-01-07 04:40:00,Refiner 1,84.05,4.5,154.08,3.29
2025-01-07 04:50:00,Refiner 1,82.56,7.59,88.94,2.71
2025-01-07 05:00:00,Digester A,79.52,5.93,130.79,4.02
2025-01-07 05:10:00,PM2,97.86,3.75,135.22,3.11
2025-01-07 05:20:00,Refiner 2,82.07,5.38,97.28,4.68
2025-01-07 05:30:00,Refiner 2,89.21,6.02,153.78,2.44
2025-01-07 05:40:00,Refiner 2,78.35,3.82,102.51,3.61
2025-01-07 05:50:00,PM2,85.51,6.15,84.72,4.06
2025-01-07 06:00:00,Refiner 2,86.2,6.73,72.68,3.72
2025-01-07 06:10:00,Refiner 2,79.06,5.6,133.36,3.56
2025-01-07 06:20:00,Recovery Boiler,80.74,6.01,81.71,4.31
2025-01-07 06:30:00,PM2,83.97,7.12,106.84,3.13
2025-01-07 06:40:00,Refiner 2,81.18,6.88,102.26,3.95
2025-01-07 06:50:00,PM1,83.09,4.02,105.74,2.67
2025-01-07 07:00:00,PM2,85.17,4.81,143.15,3.44
2025-01-07 07:10:00,Refiner 1,84.11,6.66,144.1,3.49
2025-01-07 07:20:00,Refiner 1,81.14,4.23,102.85,3.07
2025-01-07 07:30:00,PM1,85.54,5.65,137.2,3.07
2025-01-07 07:40:00,PM1,84.71,7.18,128.55,3.46
2025-01-07 07:50:00,PM2,81.99,5.37,98.73,3.12
2025-01-07 08:00:00,Digester B,88.78,5.78,86.26,4.74
2025-01-07 08:10:00,Digester A,86.6,4.59,108.95,3.58
2025-01-07 08:20:00,Refiner 2,93.52,4.89,144.4,4.48
2025-01-07 08:30:00,Recovery Boiler,81.86,5.72,94.09,3.36
2025-01-07 08:40:00,Recovery Boiler,84.82,6.66,147.25,2.98
2025-01-07 08:50:00,PM1,75.16,5.98,127.34,3.67
2025-01-07 09:00:00,Digester A,83.37,6.12,157.89,3.77
2025-01-07 09:10:00,Refiner 2,83.13,5.5,115.75,4.65
2025-01-07 09:20:00,Recovery Boiler,84.08,5.98,107.94,4.27
2025-01-07 09:30:00,Refiner 2,94.8,6.45,122.07,3.53
2025-01-07 09:40:00,Recovery Boiler,73.08,6.75,123.35,3.8
2025-01-07 09:50:00,Refiner 2,81.44,5.62,109.72,4.22
2025-01-07 10:00:00,PM2,83.11,8.08,130.77,2.61
2025-01-07 10:10:00,PM2,84.36,5.35,65.14,4.62
2025-01-07 10:20:00,Digester A,88.52,6.53,124.14,2.53
2025-01-07 10:30:00,PM1,82.58,6.84,93.72,1.73
2025-01-07 10:40:00,Recovery Boiler,83.86,5.86,123.39,4.01
2025-01-07 10:50:00,Recovery Boiler,88.19,6.26,149.89,2.44
2025-01-07 11:00:00,Digester B,87.52,6.63,89.01,2.45
2025-01-07 11:10:00,Recovery Boiler,81.27,5.34,138.84,3.07
2025-01-07 11:20:00,PM2,80.72,5.39,147.97,3.51
2025-01-07 11:30:00,PM1,84.1,5.89,152.3,2.98
2025-01-07 11:40:00,PM3,91.58,6.21,115.99,5.25
2025-01-07 11:50:00,Refiner 2,79.72,5.65,89.19,4.17
2025-01-07 12:00:00,PM3,93.45,7.67,150.6,3.36
2025-01-07 12:10:00,Refiner 1,83.17,4.33,170.9,3.83
2025-01-07 12:20:00,PM2,82.54,7.33,95.68,3.78
2025-01-07 12:30:00,Digester B,84.14,6.64,118.41,2.48
2025-01-07 12:40:00,Digester A,85.38,7.05,119.27,4.04
2025-01-07 12:50:00,Digester A,79.77,5.97,104.39,4.02
2025-01-07 13:00:00,PM2,85.16,6.69,147.19,3.98
2025-01-07 13:10:00,Refiner 1,86.37,5.0,119.93,3.13
2025-01-07 13:20:00,Digester A,83.28,5.63,95.5,2.13
2025-01-07 13:30:00,Refiner 2,81.66,6.19,86.3,3.51
2025-01-07 13:40:00,Digester A,94.5,7.02,161.09,3.77
2025-01-07 13:50:00,Recovery Boiler,90.84,5.28,103.89,1.58
2025-01-07 14:00:00,PM2,90.93,7.54,106.17,3.32
2025-01-07 14:10:00,Refiner 1,81.23,6.38,148.12,2.28
2025-01-07 14:20:00,PM1,87.05,5.72,122.83,3.82
2025-01-07 14:30:00,PM2,84.06,5.9,114.65,4.18
2025-01-07 14:40:00,Refiner 2,87.09,6.22,88.23,3.23
2025-01-07 14:50:00,Refiner 2,89.49,6.04,136.49,4.74
2025-01-07 15:00:00,PM3,90.19,6.09,107.23,1.71
2025-01-07 15:10:00,Refiner 2,84.16,5.67,129.76,3.39
2025-01-07 15:20:00,PM1,83.4,4.22,96.5,3.83
2025-01-07 15:30:00,PM1,93.58,5.9,128.2,4.17
2025-01-07 15:40:00,Refiner 1,80.95,6.37,101.49,4.11
2025-01-07 15:50:00,Refiner 2,85.76,6.3,100.44,3.99
2025-01-07 16:00:00,PM3,95.42,4.99,111.51,3.66
2025-01-07 16:10:00,PM3,88.93,5.44,49.17,4.45
2025-01-07 16:20:00,PM3,88.8,4.26,104.81,4.6
2025-01-07 16:30:00,PM2,92.24,6.94,115.6,3.56
2025-01-07 16:40:00,Refiner 1,84.35,7.13,98.1,2.94
2025-01-07 16:50:00,Recovery Boiler,90.05,5.96,154.46,3.03
2025-01-07 17:00:00,Refiner 1,84.73,5.08,120.18,2.47
2025-01-07 17:10:00,Refiner 1,82.56,4.56,137.35,4.0
2025-01-07 17:20:00,Digester A,76.35,7.33,182.44,3.53
2025-01-07 17:30:00,Digester B,81.79,8.82,87.03,3.51
2025-01-07 17:40:00,Refiner 1,85.9,7.35,128.99,3.15
2025-01-07 17:50:00,Recovery Boiler,80.24,5.66,94.83,3.53
2025-01-07 18:00:00,Digester B,82.18,4.51,151.38,3.15
2025-01-07 18:10:00,Refiner 2,78.66,5.83,121.71,2.28
2025-01-07 18:20:00,PM3,86.66,4.95,162.78,3.87
2025-01-07 18:30:00,PM3,83.0,5.25,117.38,3.93
2025-01-07 18:40:00,Refiner 1,84.87,5.78,121.46,3.08
2025-01-07 18:50:00,Digester B,83.28,3.91,144.34,3.71
2025-01-07 19:00:00,Recovery Boiler,81.13,7.9,122.18,2.77
2025-01-07 19:10:00,Digester A,89.28,6.4,129.86,3.2
2025-01-07 19:20:00,Digester A,87.25,5.74,133.9,2.17
2025-01-07 19:30:00,Digester A,82.83,7.72,100.82,3.08
2025-01-07 19:40:00,Digester B,82.76,4.79,64.79,3.34
2025-01-07 19:50:00,Recovery Boiler,85.68,5.95,116.38,3.53
2025-01-07 20:00:00,PM3,90.11,5.81,105.65,3.3
2025-01-07 20:10:00,PM3,87.9,7.41,104.3,3.57
2025-01-07 20:20:00,Recovery Boiler,86.69,5.01,120.51,2.47
2025-01-07 20:30:00,PM2,76.15,6.37,110.4,3.64
2025-01-07 20:40:00,Recovery Boiler,84.91,5.02,118.87,2.64
2025-01-07 20:50:00,Refiner 2,91.95,4.64,115.11,2.77
2025-01-07 21:00:00,Refiner 1,87.85,5.67,107.03,4.1
2025-01-07 21:10:00,Digester B,85.15,6.52,95.47,2.52
2025-01-07 21:20:00,Refiner 1,85.54,5.68,135.66,3.44
2025-01-07 21:30:00,PM1,86.03,4.38,167.21,3.39
2025-01-07 21:40:00,PM2,88.49,5.16,127.7,2.59
2025-01-07 21:50:00,PM1,87.26,5.64,120.73,3.99
2025-01-07 22:00:00,Refiner 1,78.84,5.32,131.43,4.97
2025-01-07 22:10:00,PM3,84.31,6.59,117.33,4.86
2025-01-07 22:20:00,PM1,76.26,6.09,79.36,1.75
2025-01-07 22:30:00,PM1,86.49,6.14,112.88,3.43
2025-01-07 22:40:00,Digester A,100.49,5.74,132.75,3.05
2025-01-07 22:50:00,Digester B,86.48,5.76,109.74,4.77
2025-01-07 23:00:00,PM3,90.89,6.14,62.39,3.25
2025-01-07 23:10:00,Digester B,98.52,5.77,147.58,4.51
2025-01-07 23:20:00,Digester B,86.09,5.16,59.12,3.98
2025-01-07 23:30:00,PM3,80.93,6.18,88.75,3.31
2025-01-07 23:40:00,PM1,85.17,6.27,92.13,4.34
2025-01-07 23:50:00,Digester B,82.02,4.33,117.27,3.52
2025-01-08 00:00:00,Digester A,85.8,7.36,114.09,3.42
2025-01-08 00:10:00,PM1,79.48,6.82,124.61,3.21
2025-01-08 00:20:00,Recovery Boiler,75.48,7.44,89.31,3.09
2025-01-08 00:30:00,Refiner 2,86.79,4.8,82.66,2.01
2025-01-08 00:40:00,PM2,88.6,5.45,193.18,2.8
2025-01-08 00:50:00,Digester A,80.39,5.43,126.08,3.17
2025-01-08 01:00:00,Refiner 1,88.06,5.02,85.46,2.24
2025-01-08 01:10:00,Digester A,73.88,5.48,112.48,3.06
2025-01-08 01:20:00,Digester B,91.22,7.23,111.63,2.24
2025-01-08 01:30:00,PM1,82.17,5.4,103.57,3.01
2025-01-08 01:40:00,Refiner 1,81.73,5.61,104.11,3.65
2025-01-08 01:50:00,Refiner 1,86.8,5.09,151.78,2.81
2025-01-08 02:00:00,Refiner 1,76.91,6.38,99.56,3.72
2025-01-08 02:10:00,Recovery Boiler,72.98,7.39,136.81,2.45
2025-01-08 02:20:00,PM1,77.61,7.67,101.57,2.92
2025-01-08 02:30:00,PM1,73.67,5.65,114.31,4.0
2025-01-08 02:40:00,Digester B,78.0,4.48,131.27,4.2
2025-01-08 02:50:00,Digester A,77.14,7.08,120.94,4.26
2025-01-08 03:00:00,Refiner 2,84.65,3.48,116.2,4.24
2025-01-08 03:10:00,Digester A,80.53,5.61,115.6,1.47
2025-01-08 03:20:00,Recovery Boiler,93.36,5.1,132.64,3.44
2025-01-08 03:30:00,Digester A,91.29,6.41,114.13,2.87
2025-01-08 03:40:00,Digester A,88.99,4.13,136.15,2.73
2025-01-08 03:50:00,Digester B,91.26,6.16,136.1,3.56
2025-01-08 04:00:00,Refiner 2,76.24,5.14,136.81,3.62
2025-01-08 04:10:00,PM3,90.9,6.4,95.83,2.94
2025-01-08 04:20:00,PM2,85.51,3.69,161.84,3.81
2025-01-08 04:30:00,PM3,91.14,4.42,151.11,5.06
2025-01-08 04:40:00,PM3,78.4,6.77,120.03,2.42
2025-01-08 04:50:00,PM2,87.46,6.83,104.97,4.32
2025-01-08 05:00:00,Refiner 1,76.67,4.51,123.41,3.52
2025-01-08 05:10:00,PM1,81.42,6.81,133.27,4.1
2025-01-08 05:20:00,Refiner 1,84.38,6.6,108.86,4.94
2025-01-08 05:30:00,Digester B,80.94,8.11,120.87,2.54
2025-01-08 05:40:00,Digester B,91.84,6.13,141.28,4.36
2025-01-08 05:50:00,PM3,86.69,5.41,144.39,3.5
2025-01-08 06:00:00,PM3,88.43,3.85,131.17,3.05
2025-01-08 06:10:00,Digester B,93.27,6.62,126.0,3.84
2025-01-08 06:20:00,PM1,80.01,7.62,169.78,3.78
2025-01-08 06:30:00,Recovery Boiler,92.95,5.43,100.07,3.53
2025-01-08 06:40:00,Refiner 2,87.17,5.61,133.44,3.71
2025-01-08 06:50:00,PM3,80.01,6.52,141.59,3.62
2025-01-08 07:00:00,PM1,90.76,4.78,131.7,2.68
2025-01-08 07:10:00,PM3,79.43,5.37,96.45,3.12
2025-01-08 07:20:00,Recovery Boiler,83.93,6.84,111.97,2.39
2025-01-08 07:30:00,PM1,90.7,5.16,118.53,3.81
2025-01-08 07:40:00,Digester B,86.0,7.09,131.98,2.9
2025-01-08 07:50:00,Refiner 2,95.89,6.19,116.32,4.17
2025-01-08 08:00:00,Recovery Boiler,86.25,6.4,182.3,3.31
2025-01-08 08:10:00,PM2,83.41,6.12,146.79,2.45
2025-01-08 08:20:00,Recovery Boiler,75.17,5.41,79.15,3.2
2025-01-08 08:30:00,Digester A,87.51,5.11,84.33,3.55
2025-01-08 08:40:00,PM3,89.31,4.31,140.51,4.07
2025-01-08 08:50:00,PM2,89.77,7.22,175.05,3.25
2025-01-08 09:00:00,PM3,85.55,5.58,120.05,4.57
2025-01-08 09:10:00,Refiner 1,78.27,5.14,154.43,4.21
2025-01-08 09:20:00,Refiner 1,83.18,6.85,128.53,4.55
2025-01-08 09:30:00,PM2,85.37,7.03,186.05,3.92
2025-01-08 09:40:00,Recovery Boiler,85.25,6.72,110.87,5.17
2025-01-08 09:50:00,Digester A,85.9,5.73,99.11,4.27
2025-01-08 10:00:00,Digester A,89.34,5.5,134.41,2.44
2025-01-08 10:10:00,Recovery Boiler,85.92,6.45,162.68,2.96
2025-01-08 10:20:00,Recovery Boiler,78.61,5.1,86.59,4.44
2025-01-08 10:30:00,Recovery Boiler,92.74,6.32,150.53,3.59
2025-01-08 10:40:00,Digester B,84.52,5.67,112.24,2.42
2025-01-08 10:50:00,Digester A,86.32,5.96,138.63,3.57
2025-01-08 11:00:00,Refiner 2,84.19,5.13,121.8,4.02
2025-01-08 11:10:00,PM1,79.28,6.09,125.83,3.0
2025-01-08 11:20:00,PM2,82.06,6.23,91.66,3.74
2025-01-08 11:30:00,Recovery Boiler,80.52,7.06,178.45,2.9
2025-01-08 11:40:00,Refiner 2,87.67,5.27,146.02,2.61
2025-01-08 11:50:00,Digester A,87.4,5.13,114.83,2.78
2025-01-08 12:00:00,Digester A,89.11,5.16,133.8,3.26
2025-01-08 12:10:00,PM1,84.43,6.15,100.95,3.65
2025-01-08 12:20:00,Recovery Boiler,92.65,5.22,149.3,4.55
2025-01-08 12:30:00,Refiner 1,80.92,4.54,127.55,3.12
2025-01-08 12:40:00,PM2,94.34,6.03,99.95,2.7
2025-01-08 12:50:00,Refiner 1,90.45,5.43,121.1,4.17
2025-01-08 13:00:00,Digester B,82.58,5.95,119.59,3.98
2025-01-08 13:10:00,Digester B,87.95,5.78,121.59,3.24
2025-01-08 13:20:00,PM1,77.61,6.26,167.3,2.88
2025-01-08 13:30:00,Recovery Boiler,81.13,5.13,138.11,3.81
2025-01-08 13:40:00,Refiner 2,84.21,5.08,122.31,2.4
2025-01-08 13:50:00,Refiner 2,85.72,6.87,88.72,2.43
2025-01-08 14:00:00,PM1,92.9,5.39,148.4,3.39
2025-01-08 14:10:00,Digester B,84.19,6.44,97.9,3.59
2025-01-08 14:20:00,Digester A,83.09,4.68,128.44,3.32
2025-01-08 14:30:00,Recovery Boiler,84.21,4.79,159.79,4.11
2025-01-08 14:40:00,PM2,89.82,5.69,76.77,4.87
2025-01-08 14:50:00,PM2,84.69,5.25,130.42,4.32
2025-01-08 15:00:00,PM3,84.88,7.28,147.07,2.75
2025-01-08 15:10:00,PM1,81.63,6.96,52.18,3.4
2025-01-08 15:20:00,PM2,77.85,5.52,112.53,3.25
2025-01-08 15:30:00,Digester A,82.24,4.9,177.3,4.81
2025-01-08 15:40:00,Digester A,79.19,7.58,110.01,3.59
2025-01-08 15:50:00,Refiner 1,84.68,5.34,144.6,3.59
2025-01-08 16:00:00,PM2,82.62,4.7,97.66,2.35
2025-01-08 16:10:00,Digester A,85.06,4.8,113.36,4.46
2025-01-08 16:20:00,Refiner 1,91.0,5.97,117.82,4.82
2025-01-08 16:30:00,PM2,87.6,5.67,84.35,3.78
2025-01-08 16:40:00,PM3,89.15,5.37,127.28,3.25
2025-01-08 16:50:00,PM1,84.08,3.51,114.46,4.18
2025-01-08 17:00:00,Refiner 2,81.84,6.05,101.1,3.75
2025-01-08 17:10:00,Recovery Boiler,83.92,5.06,153.31,4.15
2025-01-08 17:20:00,PM1,81.98,6.5,133.44,3.95
2025-01-08 17:30:00,PM2,76.53,7.01,105.76,3.25
2025-01-08 17:40:00,PM2,98.19,6.3,110.34,1.96
2025-01-08 17:50:00,PM1,91.95,4.65,94.91,3.27
2025-01-08 18:00:00,PM3,92.08,6.77,116.05,3.72
2025-01-08 18:10:00,Digester B,82.0,6.14,121.83,4.18
2025-01-08 18:20:00,PM2,89.84,6.49,110.94,4.02
2025-01-08 18:30:00,Digester A,84.54,4.92,109.92,3.56
2025-01-08 18:40:00,Digester B,89.55,5.82,89.77,3.54
2025-01-08 18:50:00,Refiner 1,85.57,6.19,143.0,4.21
2025-01-08 19:00:00,Refiner 1,82.03,5.38,94.0,3.99
2025-01-08 19:10:00,Refiner 2,92.24,5.68,113.96,4.53
2025-01-08 19:20:00,Refiner 1,87.53,6.44,90.23,3.98
2025-01-08 19:30:00,Refiner 1,80.35,4.87,111.33,3.09
2025-01-08 19:40:00,Recovery Boiler,83.89,4.56,143.97,4.29
2025-01-08 19:50:00,PM1,75.26,6.98,99.74,4.1
2025-01-08 20:00:00,Refiner 1,84.66,6.03,115.37,4.35
2025-01-08 20:10:00,PM2,78.8,6.61,147.53,4.0
2025-01-08 20:20:00,PM1,96.62,5.47,143.93,3.43
2025-01-08 20:30:00,PM2,91.17,5.99,110.3,4.41
2025-01-08 20:40:00,PM1,82.54,4.59,107.08,3.93
2025-01-08 20:50:00,PM2,91.96,6.11,152.95,2.55
2025-01-08 21:00:00,Recovery Boiler,82.78,5.71,117.14,3.56
2025-01-08 21:10:00,PM2,88.45,5.56,123.48,3.47
2025-01-08 21:20:00,Digester B,80.37,5.89,116.41,3.38
2025-01-08 21:30:00,Digester B,85.16,6.08,109.19,4.39
2025-01-08 21:40:00,PM2,79.15,5.28,189.5,2.77
2025-01-08 21:50:00,Digester B,78.23,6.73,68.07,3.34
2025-01-08 22:00:00,Refiner 2,95.73,4.46,70.45,2.45
2025-01-08 22:10:00,Refiner 1,89.49,7.12,107.19,3.98
2025-01-08 22:20:00,Refiner 1,91.95,7.79,113.84,1.89
2025-01-08 22:30:00,PM1,80.9,5.57,113.53,3.37
2025-01-08 22:40:00,Refiner 2,90.59,7.27,115.71,4.27
2025-01-08 22:50:00,PM3,86.79,6.06,142.66,3.55
2025-01-08 23:00:00,Digester A,95.29,4.56,107.12,3.41
2025-01-08 23:10:00,PM3,87.2,7.27,119.39,2.5
2025-01-08 23:20:00,Refiner 1,89.21,6.75,71.45,3.5
2025-01-08 23:30:00,Digester B,77.05,5.34,97.43,4.07
2025-01-08 23:40:00,PM3,85.58,4.71,142.0,2.5
2025-01-08 23:50:00,Digester B,86.65,5.19,110.86,3.85
2025-01-09 00:00:00,Recovery Boiler,87.61,7.34,117.94,3.71
2025-01-09 00:10:00,PM1,82.81,6.18,130.99,3.43
2025-01-09 00:20:00,PM3,75.98,6.33,129.11,3.02
2025-01-09 00:30:00,PM2,78.58,7.48,132.29,3.34
2025-01-09 00:40:00,PM1,79.31,5.18,152.56,3.6
2025-01-09 00:50:00,PM1,82.25,6.51,99.64,4.55
2025-01-09 01:00:00,Refiner 1,91.76,5.53,104.28,1.67
2025-01-09 01:10:00,PM2,77.59,4.66,123.38,3.27
2025-01-09 01:20:00,Digester B,78.27,5.72,132.63,3.87
2025-01-09 01:30:00,Digester A,75.5,5.87,85.42,4.13
2025-01-09 01:40:00,Recovery Boiler,88.92,5.1,100.85,3.18
2025-01-09 01:50:00,Digester A,73.74,6.34,113.18,4.18
2025-01-09 02:00:00,Refiner 1,79.51,5.38,82.34,2.8
2025-01-09 02:10:00,PM3,79.09,7.0,102.54,3.59
2025-01-09 02:20:00,PM3,83.1,4.73,115.79,3.92
2025-01-09 02:30:00,PM3,78.96,6.81,98.76,3.16
2025-01-09 02:40:00,Digester A,87.65,5.34,120.94,3.28
2025-01-09 02:50:00,Digester B,85.65,3.62,74.26,3.93
2025-01-09 03:00:00,Digester A,90.19,5.09,113.9,3.71
2025-01-09 03:10:00,PM2,88.47,3.97,97.85,3.27
2025-01-09 03:20:00,PM3,88.52,8.5,114.3,2.52
2025-01-09 03:30:00,PM1,87.01,7.32,122.7,2.87
2025-01-09 03:40:00,Refiner 2,89.79,6.66,94.35,3.77
2025-01-09 03:50:00,PM2,89.99,7.18,118.34,3.25
2025-01-09 04:00:00,Digester B,91.14,4.79,130.96,2.54
2025-01-09 04:10:00,PM2,90.33,5.74,151.71,3.84
2025-01-09 04:20:00,Digester B,78.88,7.42,158.78,4.12
2025-01-09 04:30:00,PM2,81.19,5.69,123.64,3.01
2025-01-09 04:40:00,Digester A,93.46,6.14,52.42,3.74
2025-01-09 04:50:00,Refiner 2,83.26,5.93,110.78,4.06
2025-01-09 05:00:00,Recovery Boiler,90.6,6.28,111.52,3.47
2025-01-09 05:10:00,Recovery Boiler,85.1,5.2,134.47,3.82
2025-01-09 05:20:00,PM3,92.7,7.26,102.86,4.07
2025-01-09 05:30:00,Digester A,80.25,6.7,107.08,2.78
2025-01-09 05:40:00,PM2,86.4,3.33,76.23,3.38
2025-01-09 05:50:00,Digester B,85.41,5.63,80.51,2.93
2025-01-09 06:00:00,PM2,86.96,6.58,119.59,4.31
2025-01-09 06:10:00,Digester A,86.99,5.25,112.99,2.52
2025-01-09 06:20:00,Recovery Boiler,84.46,7.11,137.13,4.48
2025-01-09 06:30:00,Refiner 2,83.49,7.35,115.17,4.53
2025-01-09 06:40:00,Refiner 2,84.89,6.71,156.88,3.36
2025-01-09 06:50:00,Recovery Boiler,86.09,7.29,116.67,2.58
2025-01-09 07:00:00,Digester B,95.72,5.53,123.97,4.31
2025-01-09 07:10:00,PM3,81.96,4.99,126.34,2.24
2025-01-09 07:20:00,Recovery Boiler,83.56,6.25,113.25,2.42
2025-01-09 07:30:00,Recovery Boiler,92.97,6.1,155.78,3.32
2025-01-09 07:40:00,Refiner 1,80.6,6.27,114.61,2.68
2025-01-09 07:50:00,PM3,92.35,5.38,73.99,4.43
